country,year,country_mpa_area_score,mpa_mgmt_score,status
Finland,2006,0.891640652787535,36.9,57.4
Russia,2007,0.441469417158448,44.1,44.1
Denmark,2009,1,100,100
Estonia,2009,1,69.4,83.3
Germany,2009,1,96.8,98.4
Poland,2009,1,58.8,76.7
Sweden,2011,0.563654208529164,46.9,51.4
Latvia,2013,1,15.1,38.9
Lithuania,2013,1,100,100
