BHI_ID,mpa_area
1,56620
2,542305.70019531
3,521216
4,88284
5,21516
6,22252
7,228901
8,353526
9,87855
10,168862
11,46330
12,98059
13,334438
14,108957
15,2883
16,601577
17,909209.59765625
18,299668.09997558
19,44862.6015625
20,281581
21,227582.30078125
22,126010
23,139286
24,432244
25,401432
26,305410
27,571174
28,762522
29,134297
30,62408
31,312617
32,237879
33,228521.74951171
34,154841
35,66247
36,118400
37,203394
38,207114
39,24216
40,131372
41,52281
42,121233
