"rgn_id","score"
1,0.439541676529285
2,1
3,1
4,0.973292014623485
5,0.95233458338506
6,0.439541676529285
7,1
8,1
9,1
10,1
11,1
12,0.973292014623485
13,0.95233458338506
14,0.952334583385059
15,1
16,0.952334583385059
17,1
18,1
19,1
20,1
21,1
22,1
23,1
24,1
25,1
