country,score
Denmark,0.044731517509727634
Estonia,-0.097444
Finland,-0.06151412429378532
Germany,0.03073939393939394
Latvia,-0.08691562389066382
Lithuania,-0.16397343173431736
Poland,-0.05750830275229359
Sweden,0.025598285714285716
