rgn_id,pressure_score
1,0.817889189
2,0.828065139
3,0.662259615
4,1
5,0.596430476
6,0.662259615
7,0.662259615
8,1
9,0.662259615
10,1
11,1
12,1
13,1
14,1
15,1
16,1
17,1
18,1
19,1
20,1
21,1
22,1
23,1
24,1
25,1
26,1
27,1
28,0.620732218
29,1
30,0.791923506
31,1
32,1
33,1
34,1
35,0.708595556
36,0.791923506
37,0.708595556
38,0.791923506
39,0.708595556
40,0.791923506
41,1
42,0.941432854
