"rgn_id","score"
1,0.902612
2,0.840336
3,0.840336
4,0.84084
5,0.902612
6,0.840336
7,0.840336
8,0.84084
9,0.840336
10,0.84084
11,0.902612
12,0.840336
13,0.84084
14,0.902612
15,0.840336
16,NA
17,0.898708
18,0.898708
19,0.848598
20,0.902612
21,0.898708
22,0.848598
23,0.891917
24,0.898301
25,0.89862
26,0.902612
27,0.898301
28,0.89862
29,0.902612
30,0.930309
31,0.89862
32,0.930309
33,0.848598
34,0.89862
35,0.902612
36,0.930309
37,0.902612
38,0.930309
39,0.902612
40,NA
41,0.902612
42,NA
