"rgn_id","score"
1,0.911736
2,0.865459
3,0.865459
4,0.865451
5,0.911736
6,0.865459
7,0.865459
8,0.865451
9,0.865459
10,0.865451
11,0.911736
12,0.865459
13,0.865451
14,0.911736
15,0.865459
16,NA
17,0.916357
18,0.916357
19,0.881382
20,0.911736
21,0.916357
22,0.881382
23,0.930212
24,0.913618
25,0.919517
26,0.911736
27,0.913618
28,0.919517
29,0.911736
30,0.932633
31,0.919517
32,0.932633
33,0.881382
34,0.919517
35,0.911736
36,0.932633
37,0.911736
38,0.932633
39,0.911736
40,NA
41,0.911736
42,NA
