"rgn_id","score"
1,0.13509
2,0.146624
3,0.146624
4,0.210566
5,0.13509
6,0.146624
7,0.146624
8,0.210566
9,0.146624
10,0.210566
11,0.13509
12,0.146624
13,0.210566
14,0.13509
15,0.146624
16,NA
17,0.331992
18,0.331992
19,0.646772
20,0.13509
21,0.331992
22,0.646772
23,0.343174
24,0.369304
25,0.294667
26,0.13509
27,0.369304
28,0.294667
29,0.13509
30,0.126633
31,0.294667
32,0.126633
33,0.646772
34,0.294667
35,0.13509
36,0.126633
37,0.13509
38,0.126633
39,0.13509
40,NA
41,0.13509
42,NA
