"rgn_id","score"
1,0.86491
2,0.853376
3,0.853376
4,0.789434
5,0.86491
6,0.853376
7,0.853376
8,0.789434
9,0.853376
10,0.789434
11,0.86491
12,0.853376
13,0.789434
14,0.86491
15,0.853376
16,NA
17,0.668008
18,0.668008
19,0.353228
20,0.86491
21,0.668008
22,0.353228
23,0.656826
24,0.630696
25,0.705333
26,0.86491
27,0.630696
28,0.705333
29,0.86491
30,0.873367
31,0.705333
32,0.873367
33,0.353228
34,0.705333
35,0.86491
36,0.873367
37,0.86491
38,0.873367
39,0.86491
40,NA
41,0.86491
42,NA
